,Localization F1,Classification F1,Localization F1 68 CI,Classification F1 68 CI
BENCHMARK,0.8153965433689493,0.5806535993408244,[0.81111    0.81968309],[0.57862168 0.58276106]
FAKET,0.7995183714508927,0.5327810442500991,[0.79752869 0.80151524],[0.527633   0.53799807]
BASELINE,0.8132656242832992,0.4413722749674173,[0.81076112 0.81580874],[0.43209003 0.45085451]
